{"loss": [1.886475920677185, 1.730743169784546, 1.6559990644454956, 1.6048452854156494, 1.559749722480774, 1.528530240058899, 1.4915128946304321, 1.4572309255599976, 1.4272949695587158, 1.4133952856063843, 1.389794945716858, 1.3771716356277466, 1.3577436208724976, 1.3491495847702026, 1.3366649150848389, 1.3241455554962158, 1.3172473907470703, 1.3049627542495728, 1.3050204515457153, 1.2891992330551147, 1.2882928848266602, 1.281294345855713, 1.2853730916976929, 1.2715007066726685, 1.2681357860565186, 1.273425817489624, 1.2643097639083862, 1.2579917907714844, 1.2483278512954712, 1.2518864870071411, 1.2496780157089233, 1.2425616979599, 1.2478690147399902, 1.2393913269042969, 1.241614580154419, 1.2349621057510376, 1.237603783607483, 1.2330533266067505, 1.2303591966629028, 1.2333050966262817, 1.2171097993850708, 1.2178514003753662, 1.22339928150177, 1.2224810123443604, 1.2134357690811157, 1.215963363647461, 1.2121800184249878, 1.213027000427246, 1.2101798057556152, 1.2051178216934204], "sparse_categorical_accuracy": [0.335828572511673, 0.39391428232192993, 0.42237141728401184, 0.4415142834186554, 0.4603428542613983, 0.47128570079803467, 0.48674285411834717, 0.4986000061035156, 0.5077142715454102, 0.5137428641319275, 0.522771418094635, 0.5270285606384277, 0.5356285572052002, 0.5342571139335632, 0.5419714450836182, 0.5446000099182129, 0.5486571192741394, 0.5529999732971191, 0.5563142895698547, 0.558657169342041, 0.5599714517593384, 0.5643428564071655, 0.5589428544044495, 0.5642571449279785, 0.5655999779701233, 0.5641999840736389, 0.5695428848266602, 0.5711143016815186, 0.5746285915374756, 0.5690000057220459, 0.5734285712242126, 0.5722857117652893, 0.5740571618080139, 0.5768857002258301, 0.576114296913147, 0.5752285718917847, 0.5770285725593567, 0.5780571699142456, 0.5809428691864014, 0.579971432685852, 0.5876571536064148, 0.5848000049591064, 0.5809142589569092, 0.5846571326255798, 0.5868285894393921, 0.5858571529388428, 0.5845999717712402, 0.5890856981277466, 0.584857165813446, 0.5878000259399414], "val_loss": [1.7683953046798706, 1.7023237943649292, 1.6319257020950317, 1.5827467441558838, 1.5774428844451904, 1.5106829404830933, 1.5002576112747192, 1.5099670886993408, 1.5418941974639893, 1.415505290031433, 1.437277913093567, 1.3923126459121704, 1.3842304944992065, 1.4089888334274292, 1.4253761768341064, 1.3696550130844116, 1.3615543842315674, 1.4195483922958374, 1.3485755920410156, 1.3784421682357788, 1.365054965019226, 1.342373013496399, 1.411474585533142, 1.3391950130462646, 1.3361130952835083, 1.3334879875183105, 1.3750838041305542, 1.338158369064331, 1.3653031587600708, 1.4150573015213013, 1.3416513204574585, 1.3647332191467285, 1.346487283706665, 1.3354570865631104, 1.3491220474243164, 1.3398507833480835, 1.380542516708374, 1.386478066444397, 1.3246393203735352, 1.3576164245605469, 1.3375163078308105, 1.3832424879074097, 1.3358279466629028, 1.393185019493103, 1.3492977619171143, 1.3465936183929443, 1.3560937643051147, 1.3910831212997437, 1.337946891784668, 1.3728652000427246], "val_sparse_categorical_accuracy": [0.369133323431015, 0.3957333266735077, 0.4156000018119812, 0.437666654586792, 0.44046667218208313, 0.47786667943000793, 0.47593334317207336, 0.4702666699886322, 0.4646666646003723, 0.5103333592414856, 0.49720001220703125, 0.521399974822998, 0.5182666778564453, 0.5134000182151794, 0.508733332157135, 0.5227333307266235, 0.5303333401679993, 0.517133355140686, 0.5376666784286499, 0.5228000283241272, 0.5261333584785461, 0.5388000011444092, 0.5112000107765198, 0.5415999889373779, 0.5362666845321655, 0.5421333312988281, 0.5278666615486145, 0.5395333170890808, 0.5270000100135803, 0.5184000134468079, 0.54339998960495, 0.5324666500091553, 0.5360666513442993, 0.5409333109855652, 0.5353999733924866, 0.5406000018119812, 0.5230000019073486, 0.5287333130836487, 0.5477333068847656, 0.5345333218574524, 0.5454666614532471, 0.5299333333969116, 0.5391333103179932, 0.5250666737556458, 0.5346666574478149, 0.5390666723251343, 0.5386666655540466, 0.5267999768257141, 0.5357999801635742, 0.5328666567802429]}